{"0-fold/cls_loss": 0.00012186134699732065, "0-fold/lr": 5.320701857394274e-05, "0-fold/cl_loss": 0.013912628404796124, "0-fold/patch_num": 41.037593984962406, "0-fold/keep_num": 41.037593984962406, "_timestamp": 1737665806.2912755, "_runtime": 8722.535601615906, "_step": 1505, "0-fold/val_acc": 0.8872180451127819, "0-fold/val_precision": 0.8275862068965517, "0-fold/val_recall": 0.9056603773584906, "0-fold/val_fscore": 0.8648648648648649, "0-fold/val_auc": 0.9228773584905661, "0-fold/val_loss": 0.817750096321106, "0-fold/epoch": 131, "0-fold/val_best_acc": 0.9022556390977443, "0-fold/val_best_precesion": 0.8448275862068966, "0-fold/val_best_recall": 0.9245283018867925, "0-fold/val_best_fscore": 0.8828828828828829, "0-fold/val_best_auc": 0.9540094339622641, "0-fold/val_best_epoch": 51, "test_acc": 0.9398496240601504, "test_precesion": 0.9411764705882353, "test_recall": 0.9056603773584906, "test_fscore": 0.9230769230769231, "test_auc": 0.9575471698113207, "test_loss": 0.23172433072254817, "1-fold/cls_loss": 0.0009602533536963165, "1-fold/lr": 5.320701857394274e-05, "1-fold/cl_loss": 0.015496666543185711, "1-fold/patch_num": 25.706766917293233, "1-fold/keep_num": 25.706766917293233, "1-fold/val_acc": 0.9323308270676691, "1-fold/val_precision": 0.9583333333333334, "1-fold/val_recall": 0.8679245283018868, "1-fold/val_fscore": 0.9108910891089109, "1-fold/val_auc": 0.9222877358490567, "1-fold/val_loss": 0.7802268266677856, "1-fold/epoch": 131, "1-fold/val_best_acc": 0.9398496240601504, "1-fold/val_best_precesion": 0.9411764705882353, "1-fold/val_best_recall": 0.9056603773584906, "1-fold/val_best_fscore": 0.9230769230769231, "1-fold/val_best_auc": 0.9575471698113207, "1-fold/val_best_epoch": 49, "2-fold/cls_loss": 0.21290622651576996, "2-fold/lr": 0.00018443279255020157, "2-fold/cl_loss": 0.020146863535046577, "2-fold/patch_num": 64.49248120300751, "2-fold/keep_num": 64.49248120300751, "2-fold/val_acc": 0.9323308270676691, "2-fold/val_precision": 0.9411764705882353, "2-fold/val_recall": 0.8888888888888888, "2-fold/val_fscore": 0.9142857142857143, "2-fold/val_auc": 0.9676511954992969, "2-fold/val_loss": 0.2047530561685562, "2-fold/epoch": 35, "2-fold/val_best_acc": 0.9323308270676691, "2-fold/val_best_precesion": 0.9411764705882353, "2-fold/val_best_recall": 0.8888888888888888, "2-fold/val_best_fscore": 0.9142857142857143, "2-fold/val_best_auc": 0.9676511954992969, "2-fold/val_best_epoch": 35}