{"0-fold/cls_loss": 0.0044885301031172276, "0-fold/lr": 5.320701857394274e-05, "0-fold/cl_loss": 0.018362369388341904, "0-fold/patch_num": 34.38345864661654, "0-fold/keep_num": 34.38345864661654, "_timestamp": 1737655831.5654085, "_runtime": 12128.511713504791, "_step": 1983, "0-fold/val_acc": 0.9323308270676691, "0-fold/val_precision": 0.9411764705882353, "0-fold/val_recall": 0.8888888888888888, "0-fold/val_fscore": 0.9142857142857143, "0-fold/val_auc": 0.96671354899203, "0-fold/val_loss": 0.38585588335990906, "0-fold/epoch": 131, "0-fold/val_best_acc": 0.9548872180451128, "0-fold/val_best_precesion": 0.98, "0-fold/val_best_recall": 0.9074074074074074, "0-fold/val_best_fscore": 0.9423076923076923, "0-fold/val_best_auc": 0.986404125644632, "0-fold/val_best_epoch": 64, "test_acc": 0.9022556390977443, "test_precesion": 0.8333333333333334, "test_recall": 0.9433962264150944, "test_fscore": 0.8849557522123894, "test_auc": 0.9702830188679246, "test_loss": 0.3484676578781323, "1-fold/cls_loss": 0.001022913260385394, "1-fold/lr": 5.320701857394274e-05, "1-fold/cl_loss": 0.014811688102781773, "1-fold/patch_num": 36.7593984962406, "1-fold/keep_num": 36.7593984962406, "1-fold/val_acc": 0.9398496240601504, "1-fold/val_precision": 0.9090909090909091, "1-fold/val_recall": 0.9433962264150944, "1-fold/val_fscore": 0.9259259259259259, "1-fold/val_auc": 0.9774764150943397, "1-fold/val_loss": 0.7398167252540588, "1-fold/epoch": 131, "1-fold/val_best_acc": 0.9624060150375939, "1-fold/val_best_precesion": 0.9285714285714286, "1-fold/val_best_recall": 0.9811320754716981, "1-fold/val_best_fscore": 0.9541284403669725, "1-fold/val_best_auc": 0.9929245283018868, "1-fold/val_best_epoch": 44, "2-fold/cls_loss": 0.05374396592378616, "2-fold/lr": 5.320701857394274e-05, "2-fold/cl_loss": 0.016876740381121635, "2-fold/patch_num": 62.10526315789474, "2-fold/keep_num": 62.10526315789474, "2-fold/val_acc": 0.9097744360902256, "2-fold/val_precision": 0.9767441860465116, "2-fold/val_recall": 0.7924528301886793, "2-fold/val_fscore": 0.875, "2-fold/val_auc": 0.9462264150943397, "2-fold/val_loss": 0.8401286602020264, "2-fold/epoch": 131, "2-fold/val_best_acc": 0.9022556390977443, "2-fold/val_best_precesion": 0.8333333333333334, "2-fold/val_best_recall": 0.9433962264150944, "2-fold/val_best_fscore": 0.8849557522123894, "2-fold/val_best_auc": 0.9702830188679246, "2-fold/val_best_epoch": 25, "cross_val/acc_mean": 0.9398496240601504, "cross_val/auc_mean": 0.9832038909381478, "cross_val/f1_mean": 0.9271306282956848, "cross_val/pre_mean": 0.913968253968254, "cross_val/recall_mean": 0.9439785697647333, "cross_val/acc_std": 0.026759594616619836, "cross_val/auc_std": 0.009516323309433111, "cross_val/f1_std": 0.030210071727281407, "cross_val/pre_std": 0.06076027929026153, "cross_val/recall_std": 0.030100786403128098, "_wandb": {"runtime": 12126}}