{"0-fold/cls_loss": 0.007488388102501631, "0-fold/lr": 5.320701857394274e-05, "0-fold/cl_loss": 0.014482451602816582, "0-fold/patch_num": 26.830827067669173, "0-fold/keep_num": 26.830827067669173, "_timestamp": 1737665805.2304165, "_runtime": 8717.149700641632, "_step": 1455, "0-fold/val_acc": 0.9473684210526315, "0-fold/val_precision": 0.9423076923076923, "0-fold/val_recall": 0.9245283018867925, "0-fold/val_fscore": 0.9333333333333333, "0-fold/val_auc": 0.9778301886792453, "0-fold/val_loss": 0.3705974221229553, "0-fold/epoch": 131, "0-fold/val_best_acc": 0.9473684210526315, "0-fold/val_best_precesion": 0.9423076923076923, "0-fold/val_best_recall": 0.9245283018867925, "0-fold/val_best_fscore": 0.9333333333333333, "0-fold/val_best_auc": 0.9816037735849057, "0-fold/val_best_epoch": 79, "test_acc": 0.8796992481203008, "test_precesion": 0.8490566037735849, "test_recall": 0.8490566037735849, "test_fscore": 0.8490566037735849, "test_auc": 0.9474056603773585, "test_loss": 0.7429712358715718, "1-fold/cls_loss": 0.007935306057333946, "1-fold/lr": 4.3791662214786975e-05, "1-fold/cl_loss": 0.016249727457761765, "1-fold/patch_num": 65.74812030075188, "1-fold/keep_num": 65.74812030075188, "1-fold/val_acc": 0.8421052631578947, "1-fold/val_precision": 0.7424242424242424, "1-fold/val_recall": 0.9245283018867925, "1-fold/val_fscore": 0.8235294117647058, "1-fold/val_auc": 0.9165094339622641, "1-fold/val_loss": 1.1458594799041748, "1-fold/epoch": 138, "1-fold/val_best_acc": 0.8796992481203008, "1-fold/val_best_precesion": 0.8490566037735849, "1-fold/val_best_recall": 0.8490566037735849, "1-fold/val_best_fscore": 0.8490566037735849, "1-fold/val_best_auc": 0.9474056603773585, "1-fold/val_best_epoch": 108, "2-fold/cls_loss": 0.3796784579753876, "2-fold/lr": 0.00019557930147983305, "2-fold/cl_loss": 0.03220115229487419, "2-fold/patch_num": 81.69172932330827, "2-fold/keep_num": 81.69172932330827, "2-fold/val_acc": 0.9022556390977443, "2-fold/val_precision": 0.9767441860465116, "2-fold/val_recall": 0.7777777777777778, "2-fold/val_fscore": 0.865979381443299, "2-fold/val_auc": 0.9587435536802625, "2-fold/val_loss": 0.46053117513656616, "2-fold/epoch": 18, "2-fold/val_best_acc": 0.9022556390977443, "2-fold/val_best_precesion": 0.9767441860465116, "2-fold/val_best_recall": 0.7777777777777778, "2-fold/val_best_fscore": 0.865979381443299, "2-fold/val_best_auc": 0.9587435536802625, "2-fold/val_best_epoch": 18}